pull_request,number_of_commits,number_of_comments,number_of_reviews,user_type,user_login,merged_at,number_of_additions,number_of_deletions,number_of_files_changed,number_of_days
1396,1,0,0,Volunteers,jaythomas,2017-10-14T14:57:01Z,14,0,1,0
1395,1,0,0,Volunteers,Eliada,2017-10-11T05:50:52Z,1,1,1,4
1391,1,0,0,Volunteers,rodrigoaguilera,2017-09-16T14:53:07Z,2,0,1,0
1390,2,0,0,Volunteers,slawekzachcial,2017-09-16T15:26:21Z,62,5,3,6
1381,2,0,0,Volunteers,coryallegory,2017-08-05T03:48:24Z,68,66,3,0
1372,2,0,0,Volunteers,lornajane,2017-08-05T03:14:59Z,61,60,2,16
1364,1,1,0,Volunteers,gr2m,2017-06-29T15:18:13Z,2,2,1,0
1361,8,3,0,Volunteers,gr2m,2017-06-28T16:20:47Z,40,597,7,1
1360,2,7,0,Volunteers,gr2m,2017-06-26T22:07:44Z,52,0,2,0
1359,2,0,2,Volunteers,gr2m,2017-06-28T15:29:09Z,200,1,2,2
1358,1,0,2,Volunteers,gr2m,2017-06-26T22:40:05Z,2,2,1,1
1357,2,2,0,Volunteers,gr2m,2017-06-26T16:27:58Z,20,0,2,1
1353,1,2,0,Employees,technicalpickles,2017-06-23T21:46:30Z,3,0,1,6
1352,1,0,2,Volunteers,gr2m,2017-06-13T14:03:26Z,4,2,1,0
1350,4,1,1,Volunteers,espy,2017-06-12T17:57:43Z,15,6,8,0
1349,1,0,1,Volunteers,gr2m,2017-06-13T09:27:02Z,2,12,1,1
1348,1,2,0,Volunteers,gr2m,2017-06-07T15:53:59Z,38,39,9,0
1347,7,16,5,Volunteers,gr2m,2017-06-09T13:46:03Z,4845,3934,54,6
1345,1,0,1,Volunteers,gr2m,2017-05-31T13:16:07Z,28,28,1,1
1344,1,1,0,Employees,bkeepers,2017-05-30T02:26:25Z,0,16,2,3
1343,4,0,3,Employees,bkeepers,2017-05-24T22:49:35Z,22,20,4,0
1340,21,0,3,Employees,bkeepers,2017-05-23T23:06:39Z,878,328,61,0
1337,1,0,0,Employees,bkeepers,2017-05-20T16:35:23Z,1,1,1,0
1336,2,2,0,Employees,bkeepers,2017-05-20T19:34:26Z,8,7,2,0
1335,4,8,0,Employees,bkeepers,2017-05-30T02:50:43Z,33,4,4,10
1334,3,3,0,Employees,LindseyB,2017-05-18T17:50:51Z,49,3,3,0
1332,3,1,8,Volunteers,mose,2017-05-19T02:45:35Z,41,42,3,2
1329,3,1,0,Volunteers,jbosse,2017-05-13T18:50:15Z,5,2,3,0
1328,1,1,0,Employees,technicalpickles,2017-05-13T20:06:37Z,1,0,1,0
1326,1,0,4,Employees,bkeepers,2017-05-13T20:05:46Z,4,4,2,1
1323,2,0,1,Employees,bkeepers,2017-05-12T15:26:06Z,3,2,2,0
1321,2,3,0,Employees,bkeepers,2017-05-11T16:10:39Z,36,1,2,0
1320,2,1,0,Employees,bkeepers,2017-05-10T23:59:37Z,4,39,2,0
1317,1,1,0,Volunteers,Sirius-A,2017-05-08T12:43:21Z,1,1,1,0
1312,1,0,0,Employees,bkeepers,2017-04-30T16:13:40Z,1,1,1,0
1309,4,0,0,Employees,benbalter,2017-05-01T13:06:32Z,79,69,53,4
1290,2,1,0,Volunteers,maxkoryukov,2017-05-08T01:32:30Z,9,7,2,100
1289,2,0,0,Volunteers,makii42,2017-05-24T03:22:45Z,260,164,25,116
1286,1,2,0,Volunteers,mose,2017-05-11T03:32:41Z,4,4,1,111
1272,1,1,0,Volunteers,Hbrinj,2017-04-30T23:45:54Z,1,1,1,147
1255,3,0,2,Volunteers,ksatirli,2017-04-30T23:48:14Z,5,5,3,184
1240,1,1,0,Volunteers,notpeter,2017-04-30T23:50:14Z,6,2,1,219
1214,1,0,0,Volunteers,tas50,2017-05-01T00:21:24Z,3,2,1,289
1209,1,1,0,Volunteers,denisvm,2017-05-23T22:52:23Z,2,1,1,327
1189,1,1,0,Volunteers,ouadie-lahdioui,2016-05-14T19:15:56Z,1,1,1,0
1185,1,0,0,Employees,technicalpickles,2016-05-06T23:12:35Z,14,1,2,0
1166,1,1,0,Volunteers,MrSaints,2016-05-06T22:53:35Z,1,0,1,24
1161,4,6,2,Volunteers,twellspring,2017-05-01T00:06:01Z,29,3,4,397
1151,2,0,5,Volunteers,pchaigno,2017-05-01T00:32:08Z,15,4,2,406
1150,1,1,0,Volunteers,gasolin,2017-05-01T00:30:29Z,1,8,1,406
1149,1,2,0,Volunteers,loafoe,2016-03-21T15:19:56Z,1,0,1,1
1148,1,1,0,Volunteers,akameco,2016-05-06T22:56:52Z,2,2,2,49
1147,1,1,0,Volunteers,KasperDeng,2016-05-06T22:55:40Z,1,0,1,49
1135,1,1,0,Volunteers,MonicaG,2016-02-25T22:59:30Z,1,1,1,2
1133,1,1,0,Employees,technicalpickles,2016-02-25T23:00:29Z,10,10,1,8
1130,1,2,0,Volunteers,pra85,2016-02-26T19:50:30Z,1,1,1,21
1123,1,4,0,Volunteers,xt0rted,2016-02-26T00:08:12Z,2,2,1,32
1122,1,1,0,Volunteers,shaunkawano,2016-01-20T13:50:01Z,1,1,1,0
1121,2,0,0,Employees,technicalpickles,2016-01-20T18:49:22Z,43,1,2,0
1120,2,0,0,Employees,technicalpickles,2016-01-20T03:47:10Z,2,1,2,0
1119,2,3,0,Volunteers,sgerrand,2016-01-20T03:56:27Z,3,3,2,1
1116,1,1,0,Volunteers,jackmawer,2016-01-20T03:36:39Z,1,1,1,7
1114,1,0,0,Employees,technicalpickles,2016-01-09T00:11:33Z,1,1,1,0
1111,1,2,0,Employees,technicalpickles,2016-01-20T03:37:04Z,1,1,1,11
1109,1,2,1,Employees,technicalpickles,2016-01-20T03:38:06Z,7,7,2,11
1106,3,3,4,Volunteers,gotchahn,2017-05-24T03:17:54Z,12,8,4,504
1103,1,0,0,Volunteers,aqnouch,2016-01-08T23:34:57Z,1,1,1,7
1101,1,1,0,Volunteers,cycomachead,2016-01-08T23:45:50Z,3,3,1,21
1099,1,2,0,Volunteers,philnash,2016-01-08T23:48:41Z,2,1,1,22
1097,1,1,0,Volunteers,EllisV,2016-01-09T00:08:50Z,1,0,1,27
1095,2,2,0,Volunteers,kauffecup,2016-01-20T03:38:23Z,112,0,2,40
1094,2,3,0,Volunteers,mdelagrange,2016-01-08T23:55:12Z,80,0,2,35
1092,1,1,0,Volunteers,jbick,2016-01-09T00:14:15Z,5,1,1,44
1083,3,1,0,Volunteers,bhuga,2015-11-13T18:54:58Z,21,1,3,0
1081,3,7,0,Volunteers,bhuga,2016-01-20T03:45:01Z,190,18,11,69
1077,3,2,0,Volunteers,scboucher,2015-11-13T02:16:43Z,5,2,3,10
1074,1,5,1,Volunteers,msabramo,2015-10-27T23:14:26Z,1,1,1,0
1069,2,9,0,Employees,technicalpickles,2015-11-12T20:35:09Z,166,21,7,22
1068,5,5,1,Volunteers,scboucher,2015-10-22T20:31:53Z,15,16,5,9
1052,1,4,0,Employees,technicalpickles,2016-01-20T03:46:37Z,4,1,1,126
1049,1,3,0,Volunteers,doque,2015-09-15T20:25:23Z,1,1,1,0
1042,1,1,0,Volunteers,xuoe,2015-08-31T13:45:17Z,3,3,2,0
1041,3,1,0,Volunteers,davidkassa,2015-10-09T17:22:40Z,2490,327,31,40
1039,1,0,0,Volunteers,danielcompton,2015-08-28T13:41:31Z,1,1,1,0
1038,2,1,0,Volunteers,bhuga,2015-08-26T05:43:25Z,8,3,2,0
1037,1,2,0,Volunteers,michaelansel,2015-08-26T01:18:00Z,8,5,1,0
1035,2,1,0,Employees,technicalpickles,2015-08-24T16:53:29Z,17,3,3,0
1033,1,0,0,Employees,bkeepers,2015-08-24T14:01:01Z,2,13,1,2
1032,4,0,0,Volunteers,michaelansel,2015-08-24T14:05:15Z,64,82,6,9
1030,1,6,0,Volunteers,michaelansel,2015-08-14T16:57:54Z,8,1,2,0
1028,1,2,2,Volunteers,michaelansel,2015-08-13T22:44:58Z,37,7,4,0
1021,12,19,6,Volunteers,bhuga,2015-11-12T20:29:15Z,845,240,40,98
1020,1,3,0,Volunteers,bhuga,2015-08-14T21:07:26Z,2,1,2,9
1019,14,10,53,Volunteers,bhuga,2015-08-24T16:05:25Z,333,78,26,19
1017,2,1,0,Volunteers,kristenmills,2015-08-04T00:30:29Z,9,2,2,3
1016,1,12,0,Volunteers,michaelansel,2015-07-31T19:44:34Z,8,1,2,0
1012,2,6,2,Volunteers,alininja,2015-10-09T19:50:55Z,3,2,2,77
1011,1,1,0,Volunteers,sdimkov,2015-08-12T20:25:42Z,1,1,1,21
1007,2,2,0,Volunteers,MyvarHD,2015-07-13T22:20:17Z,2,2,2,2
1006,2,1,0,Volunteers,jennifersmith,2015-07-10T20:16:37Z,5,5,5,1
1005,1,1,0,Employees,bkeepers,2015-07-20T04:38:19Z,3,0,1,11
1004,2,3,1,Volunteers,sdimkov,2015-07-17T20:33:17Z,4,4,2,11
1003,2,7,0,Volunteers,sdimkov,2015-08-24T15:03:08Z,1177,113,22,50
999,1,1,0,Volunteers,sdimkov,2015-07-02T02:37:09Z,1,0,1,0
993,1,6,0,Volunteers,arcturial,2015-07-06T16:45:49Z,1,0,1,10
991,1,1,0,Volunteers,jexe,2015-06-24T22:26:22Z,1,0,1,0
986,6,12,17,Volunteers,michaelansel,2015-08-24T14:56:09Z,1317,166,29,67
984,8,6,23,Volunteers,uugengiven,2015-08-24T15:21:25Z,193,77,14,69
982,1,2,0,Employees,bkeepers,2015-06-20T13:36:29Z,1,4,1,4
981,1,5,0,Volunteers,michaelansel,2015-06-12T20:50:01Z,8,2,2,0
980,1,1,0,Volunteers,jasonkarns,2015-06-12T01:38:23Z,1,0,1,0
978,19,16,2,Volunteers,jasonkarns,2017-05-23T23:06:42Z,88,113,29,712
975,2,7,2,Volunteers,michaelansel,2015-06-10T22:49:26Z,65,91,3,0
974,1,1,0,Volunteers,bhuga,2015-06-10T01:06:39Z,19,18,1,0
973,1,1,0,Volunteers,Sing-Li,2015-06-09T21:56:25Z,1,0,1,0
971,4,13,6,Volunteers,geoffreyanderson,2015-06-22T21:10:49Z,58,45,4,13
970,6,9,1,Employees,bkeepers,2016-05-06T22:59:01Z,2331,366,47,333
969,2,0,3,Employees,technicalpickles,2015-06-09T02:29:11Z,10,2,3,0
967,1,1,0,Volunteers,sdimkov,2015-06-08T15:53:12Z,96,0,1,2
966,1,2,0,Employees,gjtorikian,2015-06-05T20:43:07Z,20,20,7,0
964,2,0,0,Employees,technicalpickles,2015-06-05T19:39:54Z,13,1,2,0
962,1,1,0,Employees,bkeepers,2015-06-05T17:42:41Z,7,14,1,0
961,1,1,0,Employees,bkeepers,2015-06-04T20:25:43Z,1,2,1,0
959,1,1,0,Employees,bkeepers,2015-06-04T01:44:48Z,1,1,1,0
956,14,2,13,Employees,bkeepers,2015-06-05T19:28:20Z,77,121,15,2
955,1,9,4,Volunteers,praseodym,2015-06-10T22:14:44Z,27,2,2,9
951,1,2,0,Volunteers,pdehaan,2015-06-01T18:13:37Z,1,6,1,8
947,1,0,0,Volunteers,pauliwang,2015-05-26T16:33:27Z,1,1,1,5
945,1,1,0,Volunteers,adamgross42,2015-06-04T15:16:51Z,2,2,1,17
944,1,0,0,Volunteers,adamgross42,2015-05-26T17:18:14Z,1,1,1,8
942,1,0,0,Volunteers,adamgross42,2015-05-26T17:17:57Z,1,1,1,9
938,1,1,2,Volunteers,ta1kt0me,2015-06-08T15:50:00Z,1,0,1,30
935,1,3,0,Volunteers,jcbantuelle,2015-05-14T19:16:18Z,1,0,1,6
931,1,1,0,Volunteers,petedmarsh,2015-06-08T15:55:01Z,3,0,1,39
929,1,1,0,Volunteers,sdimkov,2015-04-28T14:37:09Z,1,1,1,0
927,1,6,0,Volunteers,sdimkov,2015-06-08T15:52:56Z,2,1,1,42
926,1,1,0,Volunteers,michaelansel,2015-04-27T17:40:56Z,2,0,1,4
918,1,4,0,Volunteers,ChrisLundquist,2015-04-10T21:02:25Z,1,1,1,0
915,1,0,0,Employees,technicalpickles,2015-04-03T21:47:35Z,8,1,2,0
914,2,3,0,Employees,technicalpickles,2015-04-03T21:31:43Z,7,5,3,0
908,1,1,0,Employees,keithduncan,2015-04-03T21:34:49Z,1,1,1,9
906,1,0,0,Employees,technicalpickles,2015-03-23T19:42:47Z,1,1,1,0
905,1,0,0,Employees,technicalpickles,2015-03-23T19:30:27Z,1,0,1,0
903,3,5,4,Volunteers,michaelansel,2015-06-05T19:08:45Z,467,1,3,74
899,1,8,1,Volunteers,Taytay,2015-04-03T21:02:52Z,7,1,1,16
898,2,2,0,Volunteers,100ideas,2015-03-23T15:56:18Z,14,5,2,5
889,1,0,0,Volunteers,mcmahoniel,2015-03-18T15:13:31Z,1,1,1,3
888,2,7,0,Volunteers,geoffreyanderson,2015-04-03T21:36:12Z,71,71,3,20
887,1,0,0,Employees,technicalpickles,2015-03-13T21:02:03Z,6,1,2,0
886,1,0,0,Employees,technicalpickles,2015-03-13T20:56:53Z,1,0,1,0
885,2,0,0,Employees,technicalpickles,2015-03-13T20:29:24Z,6,1,2,0
884,6,3,0,Volunteers,michaelansel,2015-06-05T19:17:11Z,833,166,20,83
883,11,6,8,Employees,leefaus,2015-03-19T18:10:17Z,117,34,12,5
882,3,0,2,Employees,technicalpickles,2015-03-13T17:49:12Z,30,30,11,0
881,7,3,5,Employees,technicalpickles,2015-03-13T00:43:07Z,46,15,25,0
879,1,0,0,Employees,technicalpickles,2015-03-12T02:36:43Z,5,0,1,0
877,14,2,12,Employees,technicalpickles,2015-03-13T19:48:47Z,150,116,18,4
876,1,1,0,Employees,technicalpickles,2015-03-07T00:34:47Z,6,1,2,0
870,3,0,1,Employees,technicalpickles,2015-02-20T18:40:01Z,3,4,4,0
869,1,0,0,Volunteers,afeld,2015-02-17T15:27:29Z,5,1,1,0
867,2,5,0,Employees,technicalpickles,2015-02-17T16:51:05Z,12,2,3,0
865,1,0,0,Volunteers,hhaidar,2015-02-17T01:13:45Z,1,0,1,1
864,1,0,0,Volunteers,michaelansel,2015-02-20T16:13:39Z,2,0,1,5
857,2,5,1,Volunteers,ablwr,2015-02-11T21:19:30Z,4,4,2,10
856,1,0,0,Employees,technicalpickles,2015-01-30T23:20:58Z,7,7,1,0
849,1,0,0,Volunteers,anroots,2015-01-23T18:04:18Z,1,0,1,1
848,1,2,0,Volunteers,aroben,2015-02-17T01:11:50Z,3,2,1,25
842,1,2,0,Volunteers,xrd,2015-01-05T17:20:14Z,2,2,1,6
840,2,1,0,Employees,technicalpickles,2014-12-22T22:23:23Z,11,2,2,0
839,3,4,3,Volunteers,todd,2015-03-07T00:26:06Z,5,3,3,74
837,1,0,0,Employees,technicalpickles,2014-12-22T21:05:27Z,2,1,1,0
836,6,1,0,Employees,technicalpickles,2014-12-22T17:06:00Z,571,1160,54,0
835,2,0,0,Employees,technicalpickles,2014-12-22T16:35:21Z,9,3,2,2
832,1,0,0,Volunteers,brianshumate,2014-12-19T23:02:07Z,12,0,1,3
831,1,7,0,Volunteers,kballard,2014-12-22T21:48:50Z,1,6,1,6
825,1,0,0,Employees,technicalpickles,2014-12-05T23:07:30Z,7,1,2,0
824,3,3,0,Employees,keithduncan,2014-12-05T21:09:22Z,10,3,3,1
820,1,2,0,Volunteers,stkent,2014-11-20T20:06:40Z,1,1,1,0
819,1,3,0,Volunteers,akiomik,2014-11-25T22:58:26Z,1,0,1,6
818,1,2,0,Volunteers,JrGoodle,2014-11-17T15:34:03Z,1,1,1,4
817,1,0,0,Volunteers,TheIronMarx,2014-11-07T17:30:16Z,1,1,1,0
816,1,0,0,Volunteers,benodom,2014-11-06T18:56:58Z,1,1,1,0
814,4,0,0,Employees,technicalpickles,2014-11-07T23:56:45Z,31,8,4,6
810,1,0,0,Employees,technicalpickles,2014-10-29T15:38:16Z,9,1,2,0
809,1,0,0,Employees,technicalpickles,2014-10-29T15:24:44Z,1,1,1,0
808,1,2,0,Employees,technicalpickles,2014-10-29T14:23:05Z,7,1,2,0
806,1,4,0,Volunteers,tombell,2014-10-29T14:09:33Z,1,1,1,1
805,1,2,0,Volunteers,MrSaints,2014-10-27T17:58:45Z,1,1,1,0
803,54,61,51,Volunteers,michaelansel,2015-07-30T22:11:33Z,3661,1598,150,278
802,1,0,0,Employees,technicalpickles,2014-10-23T19:47:27Z,9,9,1,0
801,9,13,11,Volunteers,michaelansel,2015-06-05T19:27:14Z,1613,562,49,225
800,26,2,0,Employees,technicalpickles,2014-12-05T22:29:20Z,165,107,28,43
797,2,0,0,Employees,technicalpickles,2014-10-21T00:14:09Z,3,3,2,0
796,1,0,0,Employees,technicalpickles,2014-10-20T11:43:21Z,6,1,2,0
795,1,2,0,Volunteers,rantrix,2014-10-29T14:36:08Z,1,1,1,10
794,1,4,0,Volunteers,ahayworth,2014-10-29T14:48:20Z,2,2,1,12
793,2,0,0,Employees,technicalpickles,2014-10-16T21:20:15Z,6,1,2,0
791,2,1,0,Volunteers,aroben,2014-10-16T21:01:17Z,15,4,4,0
788,1,1,1,Volunteers,kevinsimper,2015-02-13T23:00:24Z,2,0,1,125
784,1,0,0,Volunteers,sethjackson,2014-10-08T14:06:05Z,1,0,1,0
776,1,0,0,Employees,technicalpickles,2014-09-25T00:50:26Z,6,1,2,0
769,1,2,0,Volunteers,unok,2014-09-25T00:17:10Z,3,3,1,6
764,8,29,0,Employees,technicalpickles,2014-10-20T11:38:00Z,60,899,34,39
762,1,2,0,Volunteers,bouzuya,2014-10-29T15:03:52Z,30,31,1,50
756,1,0,0,Volunteers,packetmonkey,2014-09-03T20:48:59Z,0,1,1,0
754,1,0,0,Volunteers,tspascoal,2014-08-29T18:06:07Z,1,0,1,0
750,1,1,0,Volunteers,charlie-hadden,2014-08-22T13:31:45Z,2,2,1,0
749,1,0,0,Employees,technicalpickles,2014-08-22T04:32:04Z,1,0,1,0
748,10,4,0,Employees,technicalpickles,2014-09-25T00:42:53Z,53,54,14,33
747,3,0,0,Employees,technicalpickles,2014-08-22T01:36:29Z,7,1,3,0
746,3,6,0,Employees,technicalpickles,2014-08-22T01:25:08Z,6,127,6,0
745,1,0,0,Volunteers,jjasghar,2014-08-19T15:02:46Z,2,1,1,0
743,1,0,0,Volunteers,huafu,2014-08-18T15:33:30Z,1,0,1,6
737,1,1,0,Volunteers,rsanheim,2014-08-07T18:29:41Z,1,1,1,0
736,1,0,0,Employees,technicalpickles,2014-07-24T15:16:19Z,10,1,2,0
732,2,2,0,Employees,technicalpickles,2014-07-24T14:30:03Z,35,26,3,8
720,7,4,6,Employees,parkr,2014-07-24T15:07:12Z,62,7,9,34
712,1,0,0,Volunteers,ngs,2014-06-12T21:36:01Z,2,2,1,1
708,1,7,5,Volunteers,softarn,2014-06-10T18:28:27Z,8,2,1,7
703,1,0,0,Volunteers,tricknotes,2014-05-19T21:36:31Z,1,1,1,2
702,1,0,0,Employees,technicalpickles,2014-05-15T13:43:24Z,2,2,1,0
701,2,0,0,Employees,technicalpickles,2014-05-15T13:28:04Z,6,1,2,0
699,2,1,0,Employees,technicalpickles,2014-05-15T13:18:32Z,2,0,2,0
697,1,2,0,Volunteers,thiagogabriel,2014-05-19T14:41:43Z,3,0,1,8
696,1,0,0,Volunteers,canadianveggie,2014-05-19T13:36:03Z,6,0,1,10
695,1,4,0,Volunteers,dblandin,2014-05-19T13:29:17Z,4,2,1,11
689,1,2,0,Employees,technicalpickles,2014-04-20T22:32:00Z,3,3,1,0
678,5,6,3,Volunteers,ajkerr,2017-05-20T16:11:23Z,40,8,5,1144
677,1,1,0,Volunteers,miyagawa,2014-04-01T21:48:10Z,1,0,1,0
671,1,0,0,Volunteers,Restuta,2014-03-24T19:16:54Z,1,0,1,4
667,1,9,0,Volunteers,jbr,2014-04-15T17:55:57Z,1,1,1,30
663,1,6,0,Volunteers,atmos,2014-03-05T06:43:11Z,10,1,4,0
661,1,3,0,Volunteers,lusis,2014-03-10T15:40:11Z,3,2,1,6
660,2,3,1,Volunteers,ymendel,2014-10-16T21:01:06Z,198,169,25,230
654,1,1,2,Volunteers,adamvduke,2014-02-17T19:08:44Z,1,1,1,0
642,1,0,0,Volunteers,thogg4,2014-01-31T17:28:42Z,12,0,1,1
641,1,0,0,Volunteers,khellang,2014-01-28T16:46:45Z,1,1,1,0
640,1,1,0,Volunteers,tricknotes,2014-01-24T17:01:49Z,11,11,3,3
637,2,1,0,Volunteers,tricknotes,2014-01-20T18:48:30Z,2,0,2,3
636,1,1,0,Volunteers,searls,2014-01-15T15:35:42Z,1,0,1,0
635,1,0,0,Volunteers,tricknotes,2014-01-15T22:58:49Z,1,1,1,1
634,1,0,0,Volunteers,tricknotes,2014-01-14T15:17:31Z,1,1,1,0
633,1,0,0,Volunteers,spajus,2014-01-13T17:08:06Z,1,1,1,1
632,1,1,0,Volunteers,spajus,2014-01-10T16:21:39Z,2,2,1,0
631,1,0,0,Volunteers,vinbarnes,2014-01-08T18:18:41Z,1,1,1,0
629,1,0,0,Volunteers,xhan,2014-01-01T19:21:53Z,1,0,1,0
628,3,4,0,Volunteers,joshuarubin,2014-01-10T16:09:20Z,7,1,3,9
627,2,1,0,Employees,technicalpickles,2013-12-31T23:00:43Z,3,2,2,0
625,1,0,0,Employees,technicalpickles,2013-12-31T18:13:26Z,0,22,1,0
624,5,0,0,Employees,technicalpickles,2013-12-31T18:00:51Z,84,9,5,0
620,1,0,0,Volunteers,davereid,2013-12-20T16:13:02Z,10,4,1,0
618,1,2,0,Volunteers,akiomik,2013-12-16T04:17:24Z,1,1,1,0
617,1,0,0,Volunteers,aendrew,2013-12-12T14:57:54Z,1,1,1,0
609,2,6,0,Volunteers,smerrill,2013-12-17T15:23:27Z,2,2,2,26
601,1,1,0,Employees,technicalpickles,2013-10-29T21:26:53Z,1,1,1,4
600,1,0,0,Volunteers,wingrunr21,2013-10-29T21:34:06Z,1,1,1,7
599,1,4,0,Volunteers,cannikin,2013-12-31T18:30:17Z,1,1,1,75
592,1,1,0,Employees,mgriffin,2013-10-04T18:48:01Z,3,3,1,0
590,1,0,0,Volunteers,pawelrychlik,2013-09-26T23:20:34Z,3,3,1,0
585,2,0,0,Employees,simonsj,2013-09-17T20:12:18Z,9,8,2,0
583,1,0,0,Volunteers,spajus,2013-09-11T23:22:09Z,1,0,1,0
582,1,0,0,Volunteers,vanetix,2013-09-10T21:35:50Z,3,3,1,0
579,1,1,0,Volunteers,balbeko,2013-08-25T10:30:43Z,51,2,1,0
578,1,0,0,Volunteers,thiagopnts,2013-08-24T22:26:16Z,4,0,1,0
576,2,1,0,Volunteers,commadelimited,2013-08-16T14:13:55Z,2,2,2,0
575,7,9,13,Volunteers,balbeko,2013-08-15T23:04:45Z,27,12,7,0
572,1,1,0,Volunteers,pseudomuto,2013-08-15T14:17:42Z,9,9,1,0
570,120,0,0,Volunteers,tombell,2013-08-13T17:33:29Z,5266,2656,253,0
569,4,0,0,Volunteers,jhubert,2013-08-13T17:35:43Z,73,6,4,0
566,2,0,2,Volunteers,jhubert,2013-08-10T23:18:06Z,7,0,2,0
563,1,0,0,Volunteers,tombell,2013-08-09T19:08:13Z,2,2,1,0
562,5,2,0,Volunteers,tombell,2013-08-12T17:57:30Z,58,39,8,2
560,1,4,0,Volunteers,nwest,2013-08-09T19:05:21Z,1,1,1,1
559,1,3,0,Volunteers,tombell,2013-08-08T14:19:24Z,1,23,1,0
558,1,1,0,Volunteers,nwest,2013-08-07T19:07:33Z,5,5,1,0
557,4,5,0,Volunteers,tombell,2013-08-09T16:34:35Z,38,14,4,2
555,1,1,0,Volunteers,felixdv,2013-08-06T17:46:38Z,1,1,1,3
554,1,0,0,Volunteers,tombell,2013-07-31T17:20:28Z,5,5,1,1
553,2,0,0,Volunteers,tombell,2013-07-29T17:59:55Z,2,2,2,1
548,1,1,0,Volunteers,preflightsiren,2013-08-16T18:43:39Z,33,1,1,21
547,1,1,0,Volunteers,knomedia,2013-07-26T02:47:15Z,1,1,1,0
546,2,14,0,Volunteers,halkeye,2013-08-10T12:03:55Z,30,2,6,15
545,1,1,0,Volunteers,needcaffeine,2013-07-25T03:56:43Z,1,1,1,0
543,1,1,0,Volunteers,balbeko,2013-07-24T03:04:36Z,16,3,2,0
540,1,0,0,Volunteers,bartolsthoorn,2013-07-22T14:24:04Z,1,1,1,0
539,21,3,0,Employees,technicalpickles,2013-07-21T19:22:22Z,415,399,39,0
538,1,0,0,Volunteers,tombell,2013-07-21T16:01:35Z,3,0,1,0
536,1,1,0,Volunteers,bartolsthoorn,2013-07-21T01:18:50Z,1,1,1,0
535,4,0,0,Volunteers,tombell,2013-07-21T14:58:56Z,13,18,5,0
533,1,0,0,Employees,technicalpickles,2013-07-19T20:20:48Z,12,1,2,0
532,1,2,0,Employees,technicalpickles,2013-07-19T20:08:48Z,10,7,1,0
524,1,0,0,Volunteers,rileytg,2013-06-26T21:31:17Z,1,1,1,0
520,2,0,0,Volunteers,timclipsham,2013-06-22T12:39:48Z,6,2,2,0
515,4,1,0,Volunteers,bhuga,2013-06-12T23:57:09Z,44,7,5,0
512,2,7,2,Volunteers,brentc,2013-06-10T20:27:03Z,20,8,4,0
509,1,0,0,Volunteers,mizzy,2013-06-10T14:04:55Z,1,1,1,0
508,1,1,0,Volunteers,tfausak,2013-06-08T22:34:31Z,6,1,1,0
505,1,0,0,Volunteers,jacksonhull,2013-06-06T08:32:27Z,1,1,1,0
503,1,0,0,Volunteers,aroben,2013-05-22T14:57:04Z,2,2,2,0
500,1,0,0,Volunteers,maxgoedjen,2013-05-14T13:28:49Z,0,3,1,0
497,1,5,0,Volunteers,aaronj1335,2013-05-08T16:18:02Z,1,0,1,0
496,2,1,0,Volunteers,ronaldevers,2013-05-07T11:54:13Z,5,6,2,1
491,2,1,4,Employees,brntbeer,2013-05-01T14:55:04Z,14,5,2,0
490,1,4,0,Volunteers,aroben,2013-04-29T15:29:39Z,1,0,1,0
489,1,0,0,Volunteers,shiwano,2013-05-01T14:55:50Z,3,2,1,3
483,1,0,0,Volunteers,dianakhuang,2013-04-23T18:32:07Z,1,0,1,0
482,1,0,0,Volunteers,kch,2013-04-23T10:50:10Z,2,2,2,0
481,1,0,0,Volunteers,rafaelfranca,2013-04-22T09:01:20Z,1,1,1,0
479,1,0,0,Volunteers,rafaelfranca,2013-04-18T12:23:25Z,1,1,1,0
475,2,0,0,Volunteers,tombell,2013-04-11T10:13:21Z,140,0,2,0
472,1,0,0,Volunteers,JetFault,2013-04-09T07:36:47Z,1,1,1,0
466,2,0,0,Volunteers,apolishch,2013-04-05T19:26:25Z,12,0,2,1
462,1,0,0,Volunteers,pcarrier,2013-04-03T11:31:27Z,9,2,1,0
460,1,0,0,Volunteers,bhardin,2013-03-29T23:48:54Z,1,1,1,0
459,1,2,0,Volunteers,ZachBeta,2013-03-29T19:04:38Z,7,2,1,0
458,1,0,0,Volunteers,ZachBeta,2013-03-29T17:49:47Z,3,1,1,0
457,1,0,0,Volunteers,creatorrr,2013-03-29T06:13:46Z,1,0,1,0
455,1,0,0,Volunteers,creatorrr,2013-03-28T09:01:55Z,7,0,1,0
454,1,0,0,Volunteers,kyleslattery,2013-03-27T21:37:02Z,1,1,1,0
452,1,0,0,Volunteers,creatorrr,2013-03-25T21:19:01Z,0,10,1,0
451,1,0,0,Volunteers,creatorrr,2013-03-25T17:50:07Z,1,5,1,0
450,1,0,0,Volunteers,busbyjon,2013-03-25T16:16:23Z,1,1,1,0
449,1,0,0,Volunteers,kashyapp,2013-03-25T06:50:02Z,1,1,1,0
447,5,3,4,Volunteers,creatorrr,2013-03-25T12:58:06Z,136,41,5,1
446,3,11,8,Volunteers,creatorrr,2013-03-24T02:55:36Z,37,33,3,0
445,2,1,0,Volunteers,kashyapp,2013-03-23T10:57:24Z,6,6,2,0
436,4,0,0,Volunteers,tombell,2013-03-14T14:16:07Z,112,76,4,0
435,1,0,0,Volunteers,francois2metz,2013-03-14T14:18:39Z,1,0,1,0
432,5,1,0,Employees,technicalpickles,2013-03-10T22:03:03Z,7,2,6,0
429,86,33,25,Employees,technicalpickles,2013-07-19T15:57:26Z,3142,2071,174,131
426,1,0,0,Volunteers,stevenklise,2013-03-01T22:10:32Z,2,2,1,0
424,2,6,7,Volunteers,cupakromer,2013-03-08T23:08:56Z,29,1,5,9
422,1,0,0,Volunteers,philippbeckmann,2013-02-26T18:54:25Z,4,0,2,0
421,1,0,0,Volunteers,omares,2013-02-26T18:57:12Z,2,0,1,0
419,1,2,0,Volunteers,justincampbell,2013-02-22T18:56:07Z,1,1,1,0
414,1,1,0,Volunteers,OleMchls,2013-02-16T01:23:28Z,7,7,1,0
408,2,0,0,Volunteers,pgib,2013-02-08T15:19:50Z,29,5,4,0
406,1,0,0,Volunteers,ctborg,2013-02-04T20:33:39Z,1,1,1,0
403,1,0,0,Volunteers,haf,2013-01-31T20:52:41Z,3,3,1,0
402,1,1,0,Volunteers,tombell,2013-01-22T18:25:17Z,10,5,3,0
394,1,2,0,Volunteers,omega,2013-01-17T10:26:17Z,26,1,6,0
393,3,2,2,Volunteers,x1a0,2013-01-17T09:05:45Z,10,9,5,0
390,1,0,0,Volunteers,x1a0,2013-01-15T12:30:30Z,1,1,1,0
388,3,4,0,Volunteers,tombell,2013-01-11T23:42:20Z,47,43,10,0
387,6,0,0,Volunteers,tombell,2013-01-11T21:47:29Z,110,4,11,0
385,31,3,0,Volunteers,tombell,2013-01-11T20:06:24Z,115,356,32,0
383,1,0,0,Volunteers,aroben,2013-01-09T22:53:47Z,1,1,1,0
381,1,0,0,Volunteers,numbcoder,2013-01-09T23:19:51Z,7,3,3,11
380,1,2,0,Volunteers,strugee,2012-12-27T06:55:27Z,1,1,1,0
376,1,1,0,Volunteers,kavu,2013-01-09T23:26:34Z,1,1,1,25
370,1,1,0,Volunteers,danehammer,2013-01-10T21:36:56Z,2,2,1,41
361,1,1,0,Volunteers,voidlily,2012-10-27T04:26:08Z,3,3,1,2
355,1,3,0,Volunteers,cjbottaro,2013-01-10T22:55:35Z,12,0,1,92
344,8,22,4,Volunteers,OleMchls,2013-02-16T17:15:47Z,144,22,12,172
341,1,3,0,Volunteers,marsam,2012-09-08T20:27:32Z,1,1,1,15
336,1,1,0,Volunteers,elmoeleven,2012-08-23T05:46:28Z,2,2,1,2
335,1,0,0,Volunteers,Seldaek,2012-09-08T19:25:32Z,4,2,1,21
334,2,1,0,Employees,keithduncan,2013-01-10T22:41:15Z,11,12,3,146
330,1,0,0,Volunteers,ferlores,2012-08-03T17:53:31Z,5,0,1,0
328,1,1,0,Volunteers,sopel,2012-08-02T20:11:26Z,12,0,1,0
327,1,1,0,Volunteers,futuraprime,2012-07-31T05:31:24Z,4,1,1,0
322,1,1,0,Volunteers,ferlores,2012-07-27T12:19:20Z,1,1,1,0
317,1,0,0,Volunteers,ferlores,2012-07-14T21:55:32Z,1,1,1,0
313,2,1,0,Volunteers,tombell,2012-07-17T17:20:37Z,56,5,3,7
310,1,0,0,Volunteers,ejfinneran,2012-07-04T01:35:50Z,10,5,2,6
309,1,3,0,Volunteers,elliotttf,2012-06-26T00:42:31Z,1,1,1,0
304,1,0,0,Volunteers,travisjeffery,2012-06-07T20:26:07Z,1,1,1,0
302,1,0,3,Volunteers,travisjeffery,2012-06-07T20:11:01Z,9,4,2,1
299,1,0,0,Employees,technicalpickles,2012-05-31T02:52:50Z,1,1,1,0
298,1,3,0,Employees,technicalpickles,2012-05-31T02:53:17Z,1,1,1,0
296,1,0,0,Volunteers,tombell,2012-05-30T17:48:05Z,3,3,1,0
294,8,0,0,Volunteers,tombell,2012-05-26T21:24:07Z,421,396,33,0
291,1,0,0,Employees,technicalpickles,2012-05-17T00:40:43Z,1,1,1,0
290,1,3,0,Employees,technicalpickles,2012-05-23T19:55:34Z,8,8,2,7
285,1,0,0,Employees,technicalpickles,2012-05-13T21:31:51Z,20,26,10,0
283,4,0,0,Volunteers,elliotttf,2012-05-10T18:23:22Z,6,1,2,0
282,2,1,0,Volunteers,elliotttf,2012-05-10T16:19:08Z,6,1,2,0
278,1,0,0,Volunteers,jimeh,2012-04-20T08:28:17Z,4,4,2,0
276,1,3,0,Volunteers,iangreenleaf,2012-04-17T19:09:51Z,1,1,1,0
274,1,0,0,Volunteers,jimeh,2012-04-15T11:39:18Z,1,1,1,0
273,3,0,0,Volunteers,jimeh,2012-04-15T11:39:00Z,6,6,3,0
272,1,0,0,Volunteers,jimeh,2012-04-14T21:34:01Z,1,1,1,0
270,4,1,3,Volunteers,tombell,2012-04-14T01:43:51Z,21,20,6,2
261,1,0,0,Employees,jonmagic,2012-03-24T22:45:47Z,1,1,1,0
257,2,0,0,Volunteers,christierney,2012-03-20T23:48:36Z,4,4,2,1
253,1,0,0,Volunteers,kylev,2012-03-05T23:01:39Z,1,1,1,0
247,1,0,0,Volunteers,franc,2012-02-20T20:27:34Z,4,2,1,0
243,1,0,0,Employees,sbryant,2012-02-13T04:53:35Z,0,4,1,0
242,1,0,0,Volunteers,thomaschaaf,2012-02-12T21:59:40Z,1,0,1,0
241,1,0,0,Volunteers,jonklo,2012-02-10T19:06:18Z,1,1,1,0
237,2,4,0,Volunteers,tombell,2012-02-10T19:06:33Z,18,10,2,3
229,2,0,0,Volunteers,ejfinneran,2012-01-28T00:35:55Z,21,13,5,0
228,1,0,0,Volunteers,titanous,2012-01-25T16:52:09Z,39,7,4,0
224,1,0,0,Employees,kevinsawicki,2012-01-10T01:25:59Z,1,0,1,0
220,5,25,0,Employees,sbryant,2012-02-12T15:52:27Z,32,24,7,41
219,17,1,0,Volunteers,atmos,2012-01-12T14:58:12Z,199,61,23,18
218,3,4,0,Volunteers,atmos,2011-12-24T05:13:36Z,37,10,4,0
217,1,0,0,Volunteers,schisamo,2011-12-22T22:27:36Z,3,3,1,0
211,1,0,0,Volunteers,smgt,2011-12-15T19:53:38Z,3,2,1,0
210,2,11,0,Volunteers,sapegin,2011-12-15T20:47:22Z,11,8,2,0
208,1,4,0,Volunteers,ejfinneran,2011-12-14T17:41:07Z,20,3,3,0
206,1,0,0,Volunteers,markstory,2011-12-08T19:19:16Z,1,1,1,0
204,2,0,0,Volunteers,horaceko,2011-12-07T08:14:49Z,18,5,2,0
199,1,0,0,Volunteers,DavidWittman,2011-12-01T08:36:33Z,2,2,1,0
198,1,3,0,Volunteers,trumbitta,2011-11-30T16:36:29Z,4,1,1,0
195,1,0,0,Volunteers,alexwhitman,2011-11-27T15:08:55Z,5,0,2,0
192,2,0,0,Volunteers,tombell,2011-11-24T16:15:16Z,47,36,2,0
191,1,0,0,Volunteers,ejfinneran,2011-11-24T02:04:51Z,15,0,2,0
190,5,0,0,Volunteers,iangreenleaf,2011-11-24T02:04:26Z,30,7,6,0
188,1,1,0,Volunteers,tombell,2011-11-22T22:47:16Z,26,18,4,0
184,1,0,0,Volunteers,igorgue,2011-11-20T20:58:46Z,1,1,1,0
183,1,0,0,Volunteers,occ,2011-11-17T03:42:32Z,1,1,1,0
182,1,0,0,Volunteers,ivey,2011-11-17T02:41:55Z,3,0,1,0
179,1,0,0,Volunteers,pescuma,2011-11-16T20:30:17Z,13,16,1,0
178,1,0,0,Volunteers,russelldavis,2011-11-16T08:42:38Z,1,1,1,0
177,1,0,0,Volunteers,berg,2011-11-14T01:15:49Z,2,4,1,0
176,1,3,0,Volunteers,malditogeek,2011-11-13T20:31:44Z,4,0,1,0
175,5,0,0,Volunteers,madzak,2011-11-13T19:38:42Z,1098,621,80,0
174,7,9,0,Volunteers,tombell,2011-11-17T03:59:52Z,82,35,19,4
173,1,1,0,Volunteers,cldwalker,2011-11-12T11:53:02Z,6,2,1,1
170,1,0,0,Volunteers,tacoe,2011-11-10T14:13:52Z,1,1,1,0
168,1,1,0,Volunteers,pescuma,2011-11-09T19:09:28Z,73,26,1,0
167,1,0,0,Volunteers,mrtazz,2011-11-09T16:27:53Z,3,3,1,0
165,1,0,0,Volunteers,arttu,2011-11-09T11:15:39Z,1,0,1,0
164,1,0,0,Volunteers,agrieser,2011-11-09T11:16:06Z,1,1,1,0
162,4,6,3,Volunteers,andresilva,2011-11-13T20:47:14Z,41,22,6,4
158,2,0,0,Volunteers,markstory,2011-11-08T16:35:06Z,4,4,2,0
154,1,0,0,Volunteers,pescuma,2011-11-07T16:31:13Z,25,17,1,0
152,1,1,0,Volunteers,pescuma,2011-11-07T13:24:18Z,32,17,1,0
150,2,4,0,Volunteers,mexitek,2011-11-07T10:33:55Z,60,19,2,0
148,1,6,3,Volunteers,Vrtak-CZ,2011-11-13T20:17:05Z,14,6,2,7
146,1,0,0,Volunteers,Vrtak-CZ,2011-11-06T14:35:42Z,11,8,1,0
145,1,0,0,Volunteers,Vrtak-CZ,2011-11-06T13:49:47Z,16,4,1,0
144,8,2,0,Volunteers,tombell,2011-11-07T22:39:19Z,153,116,41,3
143,1,0,0,Volunteers,lautis,2011-11-03T17:42:52Z,2,2,1,0
142,1,0,0,Volunteers,erikzaadi,2011-11-03T14:34:32Z,6,0,1,0
141,1,0,0,Employees,cadwallion,2011-11-02T21:16:50Z,7,7,1,0
140,1,0,0,Volunteers,BrokenEnso,2011-11-02T19:44:37Z,1,1,1,0
138,1,2,0,Volunteers,sishen,2011-11-02T10:34:51Z,4,0,1,0
136,4,0,0,Volunteers,unixcharles,2011-11-01T21:21:10Z,68,74,4,0
134,1,0,0,Volunteers,mbmccormick,2011-11-01T18:59:52Z,0,1,1,0
129,2,0,0,Volunteers,Mange,2011-10-31T16:13:55Z,27,18,2,0
128,1,0,0,Volunteers,seancribbs,2011-10-31T16:13:17Z,4,3,1,0
127,2,0,0,Volunteers,arttu,2011-10-31T16:50:54Z,46,3,4,0
126,5,2,0,Volunteers,tombell,2011-11-04T22:17:25Z,97,79,6,4
124,2,4,2,Volunteers,russelldavis,2011-11-14T00:52:09Z,62,21,4,13
117,1,0,0,Volunteers,jasford,2011-10-30T19:20:20Z,1,1,1,0
113,3,0,0,Volunteers,unixcharles,2011-10-30T19:20:41Z,33,24,3,0
111,1,0,0,Volunteers,OiNutter,2011-10-30T19:23:11Z,5,5,1,0
110,5,9,9,Volunteers,mexitek,2011-11-01T02:02:47Z,144,63,11,1
104,5,0,0,Volunteers,victorcoder,2011-10-29T21:32:21Z,123,11,6,0
103,1,0,2,Volunteers,djl,2011-10-29T22:28:58Z,1,0,1,0
99,1,0,0,Volunteers,markpasc,2011-10-28T21:59:50Z,1,1,1,0
98,4,3,2,Volunteers,MathildeLemee,2011-10-29T21:36:36Z,262,170,10,1
94,2,2,0,Volunteers,codec,2011-10-28T19:59:10Z,3,1,2,0
83,3,5,0,Volunteers,Excedrin,2011-10-28T06:50:22Z,27,9,3,0
80,3,0,0,Volunteers,andyfowler,2011-10-27T21:08:19Z,82,20,3,0
79,1,0,0,Volunteers,markstory,2011-10-29T22:33:07Z,27,0,2,2
75,7,7,0,Volunteers,tombell,2011-10-27T13:11:51Z,66,53,21,0
74,2,1,0,Volunteers,OiNutter,2011-10-27T19:52:07Z,76,8,2,0
70,1,0,0,Volunteers,vinteo,2011-10-27T08:02:41Z,1,1,1,0
64,2,1,0,Volunteers,jszwedko,2011-10-26T21:51:52Z,22,11,3,0
60,3,0,0,Volunteers,eventualbuddha,2011-10-26T20:40:40Z,76,16,9,0
57,1,0,0,Volunteers,markstory,2011-10-26T21:30:11Z,6,3,1,0
56,4,1,4,Volunteers,assaf,2011-10-26T22:00:00Z,13,10,4,0
55,1,0,0,Volunteers,codec,2011-10-26T21:30:47Z,1,1,1,0
54,3,2,0,Volunteers,markpasc,2011-10-26T19:39:35Z,11,3,3,0
50,10,2,2,Volunteers,tombell,2011-10-26T22:41:51Z,43,58,25,0
49,1,0,0,Volunteers,dmathieu,2011-10-26T11:46:01Z,19,1,1,0
46,5,6,2,Volunteers,codafoo,2011-10-26T12:14:21Z,40,30,5,0
45,2,1,0,Volunteers,dmathieu,2011-10-26T10:44:08Z,12,6,2,0
41,1,1,0,Volunteers,assaf,2011-10-26T12:14:22Z,7,6,1,0
40,1,3,0,Employees,jnewland,2011-10-26T21:33:24Z,1,1,1,0
39,1,0,2,Volunteers,assaf,2011-10-26T06:53:35Z,2,1,1,0
37,1,0,0,Volunteers,assaf,2011-10-26T05:39:41Z,16,6,1,0
36,1,0,0,Volunteers,andyfowler,2011-10-26T05:14:14Z,89,1,3,0
35,3,1,0,Employees,jnewland,2011-10-26T05:05:10Z,6,1,3,0
34,3,6,0,Volunteers,assaf,2011-10-26T05:06:25Z,110,4,6,0
32,1,0,0,Volunteers,aitor,2011-10-26T05:26:07Z,4,3,1,0
30,4,3,0,Employees,technoweenie,2011-10-26T23:05:08Z,583,119,32,0
29,2,1,0,Volunteers,tombell,2011-10-25T22:54:34Z,106,0,3,0
26,1,0,0,Volunteers,dannytatom,2011-10-25T21:28:50Z,9,0,1,0
25,2,5,0,Volunteers,titanous,2011-10-26T05:27:05Z,7,1,3,0
21,5,5,0,Employees,skalnik,2011-10-25T23:20:44Z,19,35,11,0
19,2,4,0,Volunteers,titanous,2011-10-25T20:12:10Z,3,29,4,0
13,5,1,2,Volunteers,atmos,2011-10-08T02:50:20Z,139,16,7,0
12,4,3,0,Volunteers,tmm1,2011-10-28T07:11:29Z,363,41,12,21
6,4,2,0,Volunteers,benburkert,2011-10-28T07:15:07Z,160,4,4,42
5,3,0,0,Volunteers,kneath,2011-09-15T05:43:39Z,5,2,3,0
