pull_request,creator,creator_type,reviewer,reviewer_type,is_equal
1396,jaythomas,Volunteers,mose,Volunteers,No
1395,Eliada,Volunteers,mose,Volunteers,No
1391,rodrigoaguilera,Volunteers,mose,Volunteers,No
1390,slawekzachcial,Volunteers,mose,Volunteers,No
1381,coryallegory,Volunteers,mose,Volunteers,No
1372,lornajane,Volunteers,mose,Volunteers,No
1364,gr2m,Volunteers,gr2m,Volunteers,Yes
1361,gr2m,Volunteers,gr2m,Volunteers,Yes
1360,gr2m,Volunteers,gr2m,Volunteers,Yes
1359,gr2m,Volunteers,gr2m,Volunteers,Yes
1358,gr2m,Volunteers,gr2m,Volunteers,Yes
1357,gr2m,Volunteers,gr2m,Volunteers,Yes
1353,technicalpickles,Employees,technicalpickles,Employees,Yes
1352,gr2m,Volunteers,gr2m,Volunteers,Yes
1350,espy,Volunteers,gr2m,Volunteers,No
1349,gr2m,Volunteers,gr2m,Volunteers,Yes
1348,gr2m,Volunteers,gr2m,Volunteers,Yes
1347,gr2m,Volunteers,gr2m,Volunteers,Yes
1345,gr2m,Volunteers,gr2m,Volunteers,Yes
1344,bkeepers,Employees,bkeepers,Employees,Yes
1343,bkeepers,Employees,bkeepers,Employees,Yes
1340,bkeepers,Employees,bkeepers,Employees,Yes
1337,bkeepers,Employees,bkeepers,Employees,Yes
1336,bkeepers,Employees,bkeepers,Employees,Yes
1335,bkeepers,Employees,bkeepers,Employees,Yes
1334,LindseyB,Employees,bkeepers,Employees,No
1332,mose,Volunteers,mose,Volunteers,Yes
1329,jbosse,Volunteers,mose,Volunteers,No
1328,technicalpickles,Employees,mose,Volunteers,No
1326,bkeepers,Employees,mose,Volunteers,No
1323,bkeepers,Employees,bkeepers,Employees,Yes
1321,bkeepers,Employees,bkeepers,Employees,Yes
1320,bkeepers,Employees,bkeepers,Employees,Yes
1317,Sirius-A,Volunteers,bkeepers,Employees,No
1312,bkeepers,Employees,bkeepers,Employees,Yes
1309,benbalter,Employees,benbalter,Employees,Yes
1290,maxkoryukov,Volunteers,bkeepers,Employees,No
1289,makii42,Volunteers,bkeepers,Employees,No
1286,mose,Volunteers,bkeepers,Employees,No
1272,Hbrinj,Volunteers,bkeepers,Employees,No
1255,ksatirli,Volunteers,bkeepers,Employees,No
1240,notpeter,Volunteers,bkeepers,Employees,No
1214,tas50,Volunteers,bkeepers,Employees,No
1209,denisvm,Volunteers,bkeepers,Employees,No
1189,ouadie-lahdioui,Volunteers,bhuga,Volunteers,No
1185,technicalpickles,Employees,technicalpickles,Employees,Yes
1166,MrSaints,Volunteers,technicalpickles,Employees,No
1161,twellspring,Volunteers,bkeepers,Employees,No
1151,pchaigno,Volunteers,bkeepers,Employees,No
1150,gasolin,Volunteers,bkeepers,Employees,No
1149,loafoe,Volunteers,technicalpickles,Employees,No
1148,akameco,Volunteers,technicalpickles,Employees,No
1147,KasperDeng,Volunteers,technicalpickles,Employees,No
1135,MonicaG,Volunteers,technicalpickles,Employees,No
1133,technicalpickles,Employees,technicalpickles,Employees,Yes
1130,pra85,Volunteers,technicalpickles,Employees,No
1123,xt0rted,Volunteers,technicalpickles,Employees,No
1122,shaunkawano,Volunteers,technicalpickles,Employees,No
1121,technicalpickles,Employees,technicalpickles,Employees,Yes
1120,technicalpickles,Employees,technicalpickles,Employees,Yes
1119,sgerrand,Volunteers,technicalpickles,Employees,No
1116,jackmawer,Volunteers,technicalpickles,Employees,No
1114,technicalpickles,Employees,technicalpickles,Employees,Yes
1111,technicalpickles,Employees,technicalpickles,Employees,Yes
1109,technicalpickles,Employees,technicalpickles,Employees,Yes
1106,gotchahn,Volunteers,bkeepers,Employees,No
1103,aqnouch,Volunteers,technicalpickles,Employees,No
1101,cycomachead,Volunteers,technicalpickles,Employees,No
1099,philnash,Volunteers,technicalpickles,Employees,No
1097,EllisV,Volunteers,technicalpickles,Employees,No
1095,kauffecup,Volunteers,technicalpickles,Employees,No
1094,mdelagrange,Volunteers,technicalpickles,Employees,No
1092,jbick,Volunteers,technicalpickles,Employees,No
1083,bhuga,Volunteers,bhuga,Volunteers,Yes
1081,bhuga,Volunteers,technicalpickles,Employees,No
1077,scboucher,Volunteers,michaelansel,Volunteers,No
1074,msabramo,Volunteers,michaelansel,Volunteers,No
1069,technicalpickles,Employees,bhuga,Volunteers,No
1068,scboucher,Volunteers,michaelansel,Volunteers,No
1052,technicalpickles,Employees,technicalpickles,Employees,Yes
1049,doque,Volunteers,michaelansel,Volunteers,No
1042,xuoe,Volunteers,technicalpickles,Employees,No
1041,davidkassa,Volunteers,technicalpickles,Employees,No
1039,danielcompton,Volunteers,technicalpickles,Employees,No
1038,bhuga,Volunteers,bhuga,Volunteers,Yes
1037,michaelansel,Volunteers,michaelansel,Volunteers,Yes
1035,technicalpickles,Employees,technicalpickles,Employees,Yes
1033,bkeepers,Employees,technicalpickles,Employees,No
1032,michaelansel,Volunteers,technicalpickles,Employees,No
1030,michaelansel,Volunteers,michaelansel,Volunteers,Yes
1028,michaelansel,Volunteers,michaelansel,Volunteers,Yes
1021,bhuga,Volunteers,bhuga,Volunteers,Yes
1020,bhuga,Volunteers,michaelansel,Volunteers,No
1019,bhuga,Volunteers,technicalpickles,Employees,No
1017,kristenmills,Volunteers,michaelansel,Volunteers,No
1016,michaelansel,Volunteers,michaelansel,Volunteers,Yes
1012,alininja,Volunteers,technicalpickles,Employees,No
1011,sdimkov,Volunteers,technicalpickles,Employees,No
1007,MyvarHD,Volunteers,michaelansel,Volunteers,No
1006,jennifersmith,Volunteers,michaelansel,Volunteers,No
1005,bkeepers,Employees,bkeepers,Employees,Yes
1004,sdimkov,Volunteers,technicalpickles,Employees,No
1003,sdimkov,Volunteers,technicalpickles,Employees,No
999,sdimkov,Volunteers,michaelansel,Volunteers,No
993,arcturial,Volunteers,michaelansel,Volunteers,No
991,jexe,Volunteers,michaelansel,Volunteers,No
986,michaelansel,Volunteers,technicalpickles,Employees,No
984,uugengiven,Volunteers,technicalpickles,Employees,No
982,bkeepers,Employees,technicalpickles,Employees,No
981,michaelansel,Volunteers,michaelansel,Volunteers,Yes
980,jasonkarns,Volunteers,michaelansel,Volunteers,No
978,jasonkarns,Volunteers,bkeepers,Employees,No
975,michaelansel,Volunteers,michaelansel,Volunteers,Yes
974,bhuga,Volunteers,bhuga,Volunteers,Yes
973,Sing-Li,Volunteers,bhuga,Volunteers,No
971,geoffreyanderson,Volunteers,michaelansel,Volunteers,No
970,bkeepers,Employees,technicalpickles,Employees,No
969,technicalpickles,Employees,technicalpickles,Employees,Yes
967,sdimkov,Volunteers,technicalpickles,Employees,No
966,gjtorikian,Employees,technicalpickles,Employees,No
964,technicalpickles,Employees,technicalpickles,Employees,Yes
962,bkeepers,Employees,bkeepers,Employees,Yes
961,bkeepers,Employees,bkeepers,Employees,Yes
959,bkeepers,Employees,bkeepers,Employees,Yes
956,bkeepers,Employees,bkeepers,Employees,Yes
955,praseodym,Volunteers,technicalpickles,Employees,No
951,pdehaan,Volunteers,bkeepers,Employees,No
947,pauliwang,Volunteers,technicalpickles,Employees,No
945,adamgross42,Volunteers,bkeepers,Employees,No
944,adamgross42,Volunteers,technicalpickles,Employees,No
942,adamgross42,Volunteers,technicalpickles,Employees,No
938,ta1kt0me,Volunteers,technicalpickles,Employees,No
935,jcbantuelle,Volunteers,technicalpickles,Employees,No
931,petedmarsh,Volunteers,technicalpickles,Employees,No
929,sdimkov,Volunteers,technicalpickles,Employees,No
927,sdimkov,Volunteers,technicalpickles,Employees,No
926,michaelansel,Volunteers,technicalpickles,Employees,No
918,ChrisLundquist,Volunteers,technicalpickles,Employees,No
915,technicalpickles,Employees,technicalpickles,Employees,Yes
914,technicalpickles,Employees,technicalpickles,Employees,Yes
908,keithduncan,Employees,technicalpickles,Employees,No
906,technicalpickles,Employees,technicalpickles,Employees,Yes
905,technicalpickles,Employees,technicalpickles,Employees,Yes
903,michaelansel,Volunteers,michaelansel,Volunteers,Yes
899,Taytay,Volunteers,technicalpickles,Employees,No
898,100ideas,Volunteers,technicalpickles,Employees,No
889,mcmahoniel,Volunteers,technicalpickles,Employees,No
888,geoffreyanderson,Volunteers,technicalpickles,Employees,No
887,technicalpickles,Employees,technicalpickles,Employees,Yes
886,technicalpickles,Employees,technicalpickles,Employees,Yes
885,technicalpickles,Employees,technicalpickles,Employees,Yes
884,michaelansel,Volunteers,michaelansel,Volunteers,Yes
883,leefaus,Employees,technicalpickles,Employees,No
882,technicalpickles,Employees,technicalpickles,Employees,Yes
881,technicalpickles,Employees,technicalpickles,Employees,Yes
879,technicalpickles,Employees,technicalpickles,Employees,Yes
877,technicalpickles,Employees,technicalpickles,Employees,Yes
876,technicalpickles,Employees,technicalpickles,Employees,Yes
870,technicalpickles,Employees,technicalpickles,Employees,Yes
869,afeld,Volunteers,technicalpickles,Employees,No
867,technicalpickles,Employees,technicalpickles,Employees,Yes
865,hhaidar,Volunteers,technicalpickles,Employees,No
864,michaelansel,Volunteers,technicalpickles,Employees,No
857,ablwr,Volunteers,technicalpickles,Employees,No
856,technicalpickles,Employees,technicalpickles,Employees,Yes
849,anroots,Volunteers,technicalpickles,Employees,No
848,aroben,Volunteers,technicalpickles,Employees,No
842,xrd,Volunteers,technicalpickles,Employees,No
840,technicalpickles,Employees,technicalpickles,Employees,Yes
839,todd,Volunteers,technicalpickles,Employees,No
837,technicalpickles,Employees,technicalpickles,Employees,Yes
836,technicalpickles,Employees,technicalpickles,Employees,Yes
835,technicalpickles,Employees,technicalpickles,Employees,Yes
832,brianshumate,Volunteers,technicalpickles,Employees,No
831,kballard,Volunteers,technicalpickles,Employees,No
825,technicalpickles,Employees,technicalpickles,Employees,Yes
824,keithduncan,Employees,technicalpickles,Employees,No
820,stkent,Volunteers,technicalpickles,Employees,No
819,akiomik,Volunteers,technicalpickles,Employees,No
818,JrGoodle,Volunteers,technicalpickles,Employees,No
817,TheIronMarx,Volunteers,technicalpickles,Employees,No
816,benodom,Volunteers,technicalpickles,Employees,No
814,technicalpickles,Employees,technicalpickles,Employees,Yes
810,technicalpickles,Employees,technicalpickles,Employees,Yes
809,technicalpickles,Employees,technicalpickles,Employees,Yes
808,technicalpickles,Employees,technicalpickles,Employees,Yes
806,tombell,Volunteers,technicalpickles,Employees,No
805,MrSaints,Volunteers,technicalpickles,Employees,No
803,michaelansel,Volunteers,michaelansel,Volunteers,Yes
802,technicalpickles,Employees,technicalpickles,Employees,Yes
801,michaelansel,Volunteers,michaelansel,Volunteers,Yes
800,technicalpickles,Employees,technicalpickles,Employees,Yes
797,technicalpickles,Employees,technicalpickles,Employees,Yes
796,technicalpickles,Employees,technicalpickles,Employees,Yes
795,rantrix,Volunteers,technicalpickles,Employees,No
794,ahayworth,Volunteers,technicalpickles,Employees,No
793,technicalpickles,Employees,technicalpickles,Employees,Yes
791,aroben,Volunteers,technicalpickles,Employees,No
788,kevinsimper,Volunteers,technicalpickles,Employees,No
784,sethjackson,Volunteers,technicalpickles,Employees,No
776,technicalpickles,Employees,technicalpickles,Employees,Yes
769,unok,Volunteers,technicalpickles,Employees,No
764,technicalpickles,Employees,technicalpickles,Employees,Yes
762,bouzuya,Volunteers,technicalpickles,Employees,No
756,packetmonkey,Volunteers,technicalpickles,Employees,No
754,tspascoal,Volunteers,technicalpickles,Employees,No
750,charlie-hadden,Volunteers,technicalpickles,Employees,No
749,technicalpickles,Employees,technicalpickles,Employees,Yes
748,technicalpickles,Employees,technicalpickles,Employees,Yes
747,technicalpickles,Employees,technicalpickles,Employees,Yes
746,technicalpickles,Employees,technicalpickles,Employees,Yes
745,jjasghar,Volunteers,technicalpickles,Employees,No
743,huafu,Volunteers,technicalpickles,Employees,No
737,rsanheim,Volunteers,rsanheim,Volunteers,Yes
736,technicalpickles,Employees,technicalpickles,Employees,Yes
732,technicalpickles,Employees,technicalpickles,Employees,Yes
720,parkr,Employees,technicalpickles,Employees,No
712,ngs,Volunteers,technicalpickles,Employees,No
708,softarn,Volunteers,technicalpickles,Employees,No
703,tricknotes,Volunteers,technicalpickles,Employees,No
702,technicalpickles,Employees,technicalpickles,Employees,Yes
701,technicalpickles,Employees,technicalpickles,Employees,Yes
699,technicalpickles,Employees,technicalpickles,Employees,Yes
697,thiagogabriel,Volunteers,technicalpickles,Employees,No
696,canadianveggie,Volunteers,technicalpickles,Employees,No
695,dblandin,Volunteers,technicalpickles,Employees,No
689,technicalpickles,Employees,technicalpickles,Employees,Yes
678,ajkerr,Volunteers,mose,Volunteers,No
677,miyagawa,Volunteers,technicalpickles,Employees,No
671,Restuta,Volunteers,technicalpickles,Employees,No
667,jbr,Volunteers,technicalpickles,Employees,No
663,atmos,Volunteers,atmos,Volunteers,Yes
661,lusis,Volunteers,technicalpickles,Employees,No
660,ymendel,Volunteers,technicalpickles,Employees,No
654,adamvduke,Volunteers,technicalpickles,Employees,No
642,thogg4,Volunteers,technicalpickles,Employees,No
641,khellang,Volunteers,technicalpickles,Employees,No
640,tricknotes,Volunteers,technicalpickles,Employees,No
637,tricknotes,Volunteers,technicalpickles,Employees,No
636,searls,Volunteers,technicalpickles,Employees,No
635,tricknotes,Volunteers,technicalpickles,Employees,No
634,tricknotes,Volunteers,technicalpickles,Employees,No
633,spajus,Volunteers,technicalpickles,Employees,No
632,spajus,Volunteers,technicalpickles,Employees,No
631,vinbarnes,Volunteers,technicalpickles,Employees,No
629,xhan,Volunteers,technicalpickles,Employees,No
628,joshuarubin,Volunteers,technicalpickles,Employees,No
627,technicalpickles,Employees,technicalpickles,Employees,Yes
625,technicalpickles,Employees,technicalpickles,Employees,Yes
624,technicalpickles,Employees,technicalpickles,Employees,Yes
620,davereid,Volunteers,technicalpickles,Employees,No
618,akiomik,Volunteers,technicalpickles,Employees,No
617,aendrew,Volunteers,technicalpickles,Employees,No
609,smerrill,Volunteers,technicalpickles,Employees,No
601,technicalpickles,Employees,technicalpickles,Employees,Yes
600,wingrunr21,Volunteers,technicalpickles,Employees,No
599,cannikin,Volunteers,technicalpickles,Employees,No
592,mgriffin,Employees,technicalpickles,Employees,No
590,pawelrychlik,Volunteers,technicalpickles,Employees,No
585,simonsj,Employees,tombell,Volunteers,No
583,spajus,Volunteers,tombell,Volunteers,No
582,vanetix,Volunteers,tombell,Volunteers,No
579,balbeko,Volunteers,tombell,Volunteers,No
578,thiagopnts,Volunteers,tombell,Volunteers,No
576,commadelimited,Volunteers,technicalpickles,Employees,No
575,balbeko,Volunteers,tombell,Volunteers,No
572,pseudomuto,Volunteers,technicalpickles,Employees,No
570,tombell,Volunteers,tombell,Volunteers,Yes
569,jhubert,Volunteers,tombell,Volunteers,No
566,jhubert,Volunteers,tombell,Volunteers,No
563,tombell,Volunteers,tombell,Volunteers,Yes
562,tombell,Volunteers,tombell,Volunteers,Yes
560,nwest,Volunteers,tombell,Volunteers,No
559,tombell,Volunteers,tombell,Volunteers,Yes
558,nwest,Volunteers,technicalpickles,Employees,No
557,tombell,Volunteers,tombell,Volunteers,Yes
555,felixdv,Volunteers,technicalpickles,Employees,No
554,tombell,Volunteers,technicalpickles,Employees,No
553,tombell,Volunteers,technicalpickles,Employees,No
548,preflightsiren,Volunteers,tombell,Volunteers,No
547,knomedia,Volunteers,technicalpickles,Employees,No
546,halkeye,Volunteers,tombell,Volunteers,No
545,needcaffeine,Volunteers,atmos,Volunteers,No
543,balbeko,Volunteers,technicalpickles,Employees,No
540,bartolsthoorn,Volunteers,technicalpickles,Employees,No
539,technicalpickles,Employees,technicalpickles,Employees,Yes
538,tombell,Volunteers,technicalpickles,Employees,No
536,bartolsthoorn,Volunteers,technicalpickles,Employees,No
535,tombell,Volunteers,technicalpickles,Employees,No
533,technicalpickles,Employees,technicalpickles,Employees,Yes
532,technicalpickles,Employees,technicalpickles,Employees,Yes
524,rileytg,Volunteers,tombell,Volunteers,No
520,timclipsham,Volunteers,tombell,Volunteers,No
515,bhuga,Volunteers,tombell,Volunteers,No
512,brentc,Volunteers,tombell,Volunteers,No
509,mizzy,Volunteers,tombell,Volunteers,No
508,tfausak,Volunteers,tombell,Volunteers,No
505,jacksonhull,Volunteers,tombell,Volunteers,No
503,aroben,Volunteers,tombell,Volunteers,No
500,maxgoedjen,Volunteers,tombell,Volunteers,No
497,aaronj1335,Volunteers,tombell,Volunteers,No
496,ronaldevers,Volunteers,tombell,Volunteers,No
491,brntbeer,Employees,tombell,Volunteers,No
490,aroben,Volunteers,tombell,Volunteers,No
489,shiwano,Volunteers,tombell,Volunteers,No
483,dianakhuang,Volunteers,tombell,Volunteers,No
482,kch,Volunteers,tombell,Volunteers,No
481,rafaelfranca,Volunteers,tombell,Volunteers,No
479,rafaelfranca,Volunteers,atmos,Volunteers,No
475,tombell,Volunteers,tombell,Volunteers,Yes
472,JetFault,Volunteers,atmos,Volunteers,No
466,apolishch,Volunteers,atmos,Volunteers,No
462,pcarrier,Volunteers,tombell,Volunteers,No
460,bhardin,Volunteers,tombell,Volunteers,No
459,ZachBeta,Volunteers,atmos,Volunteers,No
458,ZachBeta,Volunteers,technicalpickles,Employees,No
457,creatorrr,Volunteers,atmos,Volunteers,No
455,creatorrr,Volunteers,tombell,Volunteers,No
454,kyleslattery,Volunteers,tombell,Volunteers,No
452,creatorrr,Volunteers,atmos,Volunteers,No
451,creatorrr,Volunteers,atmos,Volunteers,No
450,busbyjon,Volunteers,atmos,Volunteers,No
449,kashyapp,Volunteers,tombell,Volunteers,No
447,creatorrr,Volunteers,tombell,Volunteers,No
446,creatorrr,Volunteers,atmos,Volunteers,No
445,kashyapp,Volunteers,tombell,Volunteers,No
436,tombell,Volunteers,tombell,Volunteers,Yes
435,francois2metz,Volunteers,tombell,Volunteers,No
432,technicalpickles,Employees,atmos,Volunteers,No
429,technicalpickles,Employees,technicalpickles,Employees,Yes
426,stevenklise,Volunteers,atmos,Volunteers,No
424,cupakromer,Volunteers,tombell,Volunteers,No
422,philippbeckmann,Volunteers,atmos,Volunteers,No
421,omares,Volunteers,tombell,Volunteers,No
419,justincampbell,Volunteers,atmos,Volunteers,No
414,OleMchls,Volunteers,tombell,Volunteers,No
408,pgib,Volunteers,tombell,Volunteers,No
406,ctborg,Volunteers,atmos,Volunteers,No
403,haf,Volunteers,atmos,Volunteers,No
402,tombell,Volunteers,tombell,Volunteers,Yes
394,omega,Volunteers,tombell,Volunteers,No
393,x1a0,Volunteers,tombell,Volunteers,No
390,x1a0,Volunteers,tombell,Volunteers,No
388,tombell,Volunteers,atmos,Volunteers,No
387,tombell,Volunteers,atmos,Volunteers,No
385,tombell,Volunteers,atmos,Volunteers,No
383,aroben,Volunteers,atmos,Volunteers,No
381,numbcoder,Volunteers,atmos,Volunteers,No
380,strugee,Volunteers,aspires,Volunteers,No
376,kavu,Volunteers,atmos,Volunteers,No
370,danehammer,Volunteers,tombell,Volunteers,No
361,voidlily,Volunteers,technicalpickles,Employees,No
355,cjbottaro,Volunteers,tombell,Volunteers,No
344,OleMchls,Volunteers,tombell,Volunteers,No
341,marsam,Volunteers,technicalpickles,Employees,No
336,elmoeleven,Volunteers,atmos,Volunteers,No
335,Seldaek,Volunteers,technicalpickles,Employees,No
334,keithduncan,Employees,tombell,Volunteers,No
330,ferlores,Volunteers,tombell,Volunteers,No
328,sopel,Volunteers,tombell,Volunteers,No
327,futuraprime,Volunteers,tombell,Volunteers,No
322,ferlores,Volunteers,tombell,Volunteers,No
317,ferlores,Volunteers,tombell,Volunteers,No
313,tombell,Volunteers,tombell,Volunteers,Yes
310,ejfinneran,Volunteers,tombell,Volunteers,No
309,elliotttf,Volunteers,tombell,Volunteers,No
304,travisjeffery,Volunteers,atmos,Volunteers,No
302,travisjeffery,Volunteers,atmos,Volunteers,No
299,technicalpickles,Employees,tombell,Volunteers,No
298,technicalpickles,Employees,tombell,Volunteers,No
296,tombell,Volunteers,tombell,Volunteers,Yes
294,tombell,Volunteers,tombell,Volunteers,Yes
291,technicalpickles,Employees,atmos,Volunteers,No
290,technicalpickles,Employees,atmos,Volunteers,No
285,technicalpickles,Employees,tombell,Volunteers,No
283,elliotttf,Volunteers,tombell,Volunteers,No
282,elliotttf,Volunteers,tombell,Volunteers,No
278,jimeh,Volunteers,tombell,Volunteers,No
276,iangreenleaf,Volunteers,tombell,Volunteers,No
274,jimeh,Volunteers,tombell,Volunteers,No
273,jimeh,Volunteers,tombell,Volunteers,No
272,jimeh,Volunteers,tombell,Volunteers,No
270,tombell,Volunteers,tombell,Volunteers,Yes
261,jonmagic,Employees,tombell,Volunteers,No
257,christierney,Volunteers,tombell,Volunteers,No
253,kylev,Volunteers,atmos,Volunteers,No
247,franc,Volunteers,atmos,Volunteers,No
243,sbryant,Employees,atmos,Volunteers,No
242,thomaschaaf,Volunteers,tombell,Volunteers,No
241,jonklo,Volunteers,tombell,Volunteers,No
237,tombell,Volunteers,tombell,Volunteers,Yes
229,ejfinneran,Volunteers,tombell,Volunteers,No
228,titanous,Volunteers,tombell,Volunteers,No
224,kevinsawicki,Employees,atmos,Volunteers,No
220,sbryant,Employees,tombell,Volunteers,No
219,atmos,Volunteers,tombell,Volunteers,No
218,atmos,Volunteers,atmos,Volunteers,Yes
217,schisamo,Volunteers,atmos,Volunteers,No
211,smgt,Volunteers,tombell,Volunteers,No
210,sapegin,Volunteers,atmos,Volunteers,No
208,ejfinneran,Volunteers,tombell,Volunteers,No
206,markstory,Volunteers,atmos,Volunteers,No
204,horaceko,Volunteers,atmos,Volunteers,No
199,DavidWittman,Volunteers,atmos,Volunteers,No
198,trumbitta,Volunteers,tombell,Volunteers,No
195,alexwhitman,Volunteers,tombell,Volunteers,No
192,tombell,Volunteers,tombell,Volunteers,Yes
191,ejfinneran,Volunteers,atmos,Volunteers,No
190,iangreenleaf,Volunteers,atmos,Volunteers,No
188,tombell,Volunteers,atmos,Volunteers,No
184,igorgue,Volunteers,atmos,Volunteers,No
183,occ,Volunteers,atmos,Volunteers,No
182,ivey,Volunteers,atmos,Volunteers,No
179,pescuma,Volunteers,atmos,Volunteers,No
178,russelldavis,Volunteers,tombell,Volunteers,No
177,berg,Volunteers,tombell,Volunteers,No
176,malditogeek,Volunteers,tombell,Volunteers,No
175,madzak,Volunteers,tombell,Volunteers,No
174,tombell,Volunteers,atmos,Volunteers,No
173,cldwalker,Volunteers,tombell,Volunteers,No
170,tacoe,Volunteers,tombell,Volunteers,No
168,pescuma,Volunteers,atmos,Volunteers,No
167,mrtazz,Volunteers,tombell,Volunteers,No
165,arttu,Volunteers,tombell,Volunteers,No
164,agrieser,Volunteers,tombell,Volunteers,No
162,andresilva,Volunteers,tombell,Volunteers,No
158,markstory,Volunteers,tombell,Volunteers,No
154,pescuma,Volunteers,tombell,Volunteers,No
152,pescuma,Volunteers,tombell,Volunteers,No
150,mexitek,Volunteers,tombell,Volunteers,No
148,Vrtak-CZ,Volunteers,tombell,Volunteers,No
146,Vrtak-CZ,Volunteers,tombell,Volunteers,No
145,Vrtak-CZ,Volunteers,tombell,Volunteers,No
144,tombell,Volunteers,atmos,Volunteers,No
143,lautis,Volunteers,tombell,Volunteers,No
142,erikzaadi,Volunteers,tombell,Volunteers,No
141,cadwallion,Employees,tombell,Volunteers,No
140,BrokenEnso,Volunteers,tombell,Volunteers,No
138,sishen,Volunteers,tombell,Volunteers,No
136,unixcharles,Volunteers,atmos,Volunteers,No
134,mbmccormick,Volunteers,atmos,Volunteers,No
129,Mange,Volunteers,atmos,Volunteers,No
128,seancribbs,Volunteers,atmos,Volunteers,No
127,arttu,Volunteers,atmos,Volunteers,No
126,tombell,Volunteers,tombell,Volunteers,Yes
124,russelldavis,Volunteers,tombell,Volunteers,No
117,jasford,Volunteers,atmos,Volunteers,No
113,unixcharles,Volunteers,atmos,Volunteers,No
111,OiNutter,Volunteers,atmos,Volunteers,No
110,mexitek,Volunteers,atmos,Volunteers,No
104,victorcoder,Volunteers,atmos,Volunteers,No
103,djl,Volunteers,atmos,Volunteers,No
99,markpasc,Volunteers,atmos,Volunteers,No
98,MathildeLemee,Volunteers,atmos,Volunteers,No
94,codec,Volunteers,atmos,Volunteers,No
83,Excedrin,Volunteers,atmos,Volunteers,No
80,andyfowler,Volunteers,atmos,Volunteers,No
79,markstory,Volunteers,atmos,Volunteers,No
75,tombell,Volunteers,technoweenie,Volunteers,No
74,OiNutter,Volunteers,atmos,Volunteers,No
70,vinteo,Volunteers,tmm1,Volunteers,No
64,jszwedko,Volunteers,atmos,Volunteers,No
60,eventualbuddha,Volunteers,atmos,Volunteers,No
57,markstory,Volunteers,atmos,Volunteers,No
56,assaf,Volunteers,atmos,Volunteers,No
55,codec,Volunteers,atmos,Volunteers,No
54,markpasc,Volunteers,paulcbetts,Volunteers,No
50,tombell,Volunteers,atmos,Volunteers,No
49,dmathieu,Volunteers,tmm1,Volunteers,No
46,codafoo,Volunteers,tmm1,Volunteers,No
45,dmathieu,Volunteers,tmm1,Volunteers,No
41,assaf,Volunteers,tmm1,Volunteers,No
40,jnewland,Employees,atmos,Volunteers,No
39,assaf,Volunteers,atmos,Volunteers,No
37,assaf,Volunteers,atmos,Volunteers,No
36,andyfowler,Volunteers,atmos,Volunteers,No
35,jnewland,Employees,atmos,Volunteers,No
34,assaf,Volunteers,atmos,Volunteers,No
32,aitor,Volunteers,atmos,Volunteers,No
30,technoweenie,Volunteers,technoweenie,Volunteers,Yes
29,tombell,Volunteers,atmos,Volunteers,No
26,dannytatom,Volunteers,technoweenie,Volunteers,No
25,titanous,Volunteers,atmos,Volunteers,No
21,skalnik,Employees,atmos,Volunteers,No
19,titanous,Volunteers,atmos,Volunteers,No
13,atmos,Volunteers,atmos,Volunteers,Yes
12,tmm1,Volunteers,atmos,Volunteers,No
6,benburkert,Volunteers,atmos,Volunteers,No
5,kneath,Volunteers,atmos,Volunteers,No
